product_title,product_url,price,min_order_quantity,vendor details,Image URL,Product Description,Product Description Text,Key-Value,Key Attributes
Bebird H30S Visual Endoscope 300W Mini Camera Ear Stick Ear Picker for Family Household Health Care Ear Cleaner Kit,https://www.alibaba.com/product-detail/Bebird-H30S-Visual-Endoscope-300W-Mini_1601391997858.html?priceId=cc6c4b05b10843d1be767ce2ba696b02,$59.99-110,Min. order: 1 piece,"Heifeng Zhizao (shenzhen) Technology Co., Ltd.",https://sc04.alicdn.com/kf/H5662005f11d34096898d41ab1754191bx.jpg,"Bebird H30s Visual Endoscope 300w Mini Camera Ear Stick Ear Picker For Family Household Health Care Ear Cleaner Kit - Buy Visual Wifi Endoscope Ear And Throat Otoscope
earwax Remover Ear Cleaning Product on Alibaba.com","Professional Bebird H30S Visual Endoscope 300W Mini Camera Ear Stick Ear Picker for Family Household Health Care Ear Cleaner Kit - Advanced ear care solution featuring high-resolution 300W visual technology. This handheld device provides crystal-clear imaging for safe and effective ear cleaning, making it perfect for family use and healthcare professionals.
Key Features: Endoscope, Mini Size, Ear Care, Health Care, Visual Display, Camera Enabled, 300W Power
Designed for health and wellness applications with safety and hygiene in mind.
Competitive Pricing: $59.99-110
Order Requirements: Min. order: 1 piece
Trusted Supplier: Heifeng Zhizao (shenzhen) Technology Co., Ltd. - Reliable manufacturer with proven track record.
Quality Assurance: Built with premium materials and backed by comprehensive warranty coverage.
Customer Support: Dedicated support team available for technical assistance and product guidance.",,Key attributes type Handheld feature Cleaning target area Ear place of origin China Product name Smart Home Products for ear cleaning APP Bebird Function 1 Multiple Earwax Removal Function 2 Visual Ear Cleaner Function 3 AI Ear Canal Evaluation Function 4 Telemedicine Function 5 Liquid Delivery Attachment Color White Network Wi-Fi Warranty 12 Months Packaging and delivery Selling Units Single item Single package size 21X19X7 cm Single gross weight 1.000 KG Show more
Smart Home Professional Electric Foot File for Callus Removal and Pedicure Care With Strong Grinding Rollers Pedicure Tools,https://www.alibaba.com/product-detail/Smart-Home-Professional-Electric-Foot-File_1601200543448.html?priceId=cc6c4b05b10843d1be767ce2ba696b02,$1.52,Min. order: 30 pieces,"Zhumadian Economic Development Zone Qianyuan Trading Co., Ltd.",https://sc04.alicdn.com/kf/H2636edf1c84a4de0aad7cc8665e0f2efJ.jpg,"Smart Home Professional Electric Foot File For Callus Removal And Pedicure Care With Strong Grinding Rollers Pedicure Tools - Buy Electronic Tool File And Healing Tissue Remover Electric Foot Grinder Pink
rechargeable Electric Foot Callus Remover Pedicure Machine Foot Grinder Foot Tools Foot Files Clean Tools For Hard Cracked Skin Product on Alibaba.com","Professional Smart Home Professional Electric Foot File for Callus Removal and Pedicure Care With Strong Grinding Rollers Pedicure Tools - Electric-powered foot care tool designed for effective callus removal and professional pedicure treatments. Features strong grinding rollers for smooth, salon-quality results at home.
Key Features: Smart Device, Electric Powered, Home Use, Professional Grade, Foot Care, Pedicure Tool, Callus Removal
Smart Technology: WiFi/Bluetooth enabled for seamless connectivity and remote control capabilities.
Power Source: Electric-powered operation for consistent performance and professional results.
Professional Grade: Built to meet professional standards for reliability and performance.
Perfect for home use while maintaining professional quality standards.
Competitive Pricing: $1.52
Order Requirements: Min. order: 30 pieces
Trusted Supplier: Zhumadian Economic Development Zone Qianyuan Trading Co., Ltd. - Reliable manufacturer with proven track record.
Quality Assurance: Built with premium materials and backed by comprehensive warranty coverage.
Customer Support: Dedicated support team available for technical assistance and product guidance.",,"Home & Garden Smart Home Improvement Smart Houseware Smart Home Products Smart Home Professional Electric Foot File for Callus Removal and Pedicure Care With Strong Grinding Rollers Pedicure Tools 4.4 (5 reviews) 50 sold Zhumadian Economic Development Zone Qianyuan Trading Co., Ltd. Multispecialty Supplier 5 yrs CN Previous slide Next slide Previous slide Next slide"
Smart Home Professional Electric Foot File for Callus Removal and Pedicure Care With Strong Grinding Rollers Pedicure Tools,https://www.alibaba.com/product-detail/Smart-Home-Professional-Electric-Foot-File_1601447954841.html?priceId=cc6c4b05b10843d1be767ce2ba696b02,$1.33-1.71,Min. order: 30 pieces,Mairun Maxfree Group LLC,https://sc04.alicdn.com/kf/Hee56f51635d449fb9a69b317c17e64a5C.jpg,"Smart Home Professional Electric Foot File For Callus Removal And Pedicure Care With Strong Grinding Rollers Pedicure Tools - Buy Electronic Tool File And Healing Tissue Remover Electric Foot Grinder Pink
rechargeable Electric Foot Callus Remover Pedicure Machine Foot Grinder Foot Tools Foot Files Clean Tools For Hard Cracked Skin Product on Alibaba.com","Professional Smart Home Professional Electric Foot File for Callus Removal and Pedicure Care With Strong Grinding Rollers Pedicure Tools - Electric-powered foot care tool designed for effective callus removal and professional pedicure treatments. Features strong grinding rollers for smooth, salon-quality results at home.
Key Features: Smart Device, Electric Powered, Home Use, Professional Grade, Foot Care, Pedicure Tool, Callus Removal
Smart Technology: WiFi/Bluetooth enabled for seamless connectivity and remote control capabilities.
Power Source: Electric-powered operation for consistent performance and professional results.
Professional Grade: Built to meet professional standards for reliability and performance.
Perfect for home use while maintaining professional quality standards.
Competitive Pricing: $1.33-1.71
Order Requirements: Min. order: 30 pieces
Trusted Supplier: Mairun Maxfree Group LLC - Reliable manufacturer with proven track record.
Quality Assurance: Built with premium materials and backed by comprehensive warranty coverage.
Customer Support: Dedicated support team available for technical assistance and product guidance.",,Home & Garden Smart Home Improvement Smart Houseware Smart Home Products Smart Home Professional Electric Foot File for Callus Removal and Pedicure Care With Strong Grinding Rollers Pedicure Tools No reviews yet Mairun Maxfree Group LLC 1 yr US Previous slide Next slide Previous slide Next slide
ZOOMCARE M126 Home Care Intelligent Old-age Smart Life Pill Dispenser,https://www.alibaba.com/product-detail/ZOOMCARE-M126-Home-Care-Intelligent-Old_1600878842873.html?priceId=cc6c4b05b10843d1be767ce2ba696b02,$62.59-64.59,Min. order: 500 pieces,"Xiamen Zoomcare Technology Co., Ltd.",https://sc04.alicdn.com/kf/He28d31d850be42feb3cf1df5ab626c45a.png,"Zoomcare M126 Home Care Intelligent Old-age Smart Life Pill Dispenser - Buy Home Alarm Reminder Pill Management,Digital Home Pill Dispenser,Automatic Homecare Pill Dispenser Product on Alibaba.com","Smart ZOOMCARE M126 Home Care Intelligent Old-age Smart Life Pill Dispenser - Intelligent pill management system designed for elderly care and medication adherence. Features automated dispensing and smart life management capabilities for enhanced safety and convenience.
Key Features: Smart Device, Home Use, Pill Dispenser
Smart Technology: WiFi/Bluetooth enabled for seamless connectivity and remote control capabilities.
Perfect for home use while maintaining professional quality standards.
Competitive Pricing: $62.59-64.59
Order Requirements: Min. order: 500 pieces
Trusted Supplier: Xiamen Zoomcare Technology Co., Ltd. - Reliable manufacturer with proven track record.
Quality Assurance: Built with premium materials and backed by comprehensive warranty coverage.
Customer Support: Dedicated support team available for technical assistance and product guidance.",,"500 - 999 pieces $64.59 >= 1000 pieces $62.59 Sample price: $72 Get sample Variations Select now Customization options Customized logo (Min. order: 500 pieces) Customized packaging (Min. order: 500 pieces) Graphic customization (Min. order: 500 pieces) Shipping Shipping fee and delivery date to be negotiated. Chat with supplier now for more details. Send inquiry Chat now Protections for this product Secure payments Every payment you make on Alibaba.com is secured with strict SSL encryption and PCI DSS data protection protocols Standard refund policy Claim a refund if your order doesn't ship, is missing, or arrives with product issues Alibaba.com protects all your orders placed and paid on the platform with"
Bebird H30S Ear Wax Remover Equipment 4 in 1 Household Ear Cleaner with Camera for Family Health Care,https://www.alibaba.com/product-detail/Bebird-H30S-Ear-Wax-Remover-Equipment_1601215929375.html?priceId=cc6c4b05b10843d1be767ce2ba696b02,$82.50,Min. order: 1 piece,"Heifeng Zhizao (shenzhen) Technology Co., Ltd.",https://sc04.alicdn.com/kf/Ha3d5fc48fcc942728a3698a7ee3a6127a.jpg,"Bebird H30s Ear Wax Remover Equipment 4 In 1 Household Ear Cleaner With Camera For Family Health Care - Buy Ear Cleaner
ear Cleaner With Camera
earwax Remover
smart Ear Cleaner
wax Remover
ear Otoscope Camera
ear Cleaning Device
ear Camera Cleaner
ear Cleaner With Camera
clean Ears Machine
ear Wax Removal Tool
ear Cleaning
otoscope For The Ear
ear Wax Removal With Camera
camera Ear Wax Remover
ear Wax Cleaner Product on Alibaba.com","Advanced Bebird H30S Ear Wax Remover Equipment 4 in 1 Household Ear Cleaner with Camera for Family Health Care - Professional-grade ear cleaning equipment with camera technology for safe and precise ear care. Perfect for family health maintenance and professional healthcare use.
Key Features: Ear Care, Health Care, Camera Enabled, 4-in-1 Multi-function
Designed for health and wellness applications with safety and hygiene in mind.
Competitive Pricing: $82.50
Order Requirements: Min. order: 1 piece
Trusted Supplier: Heifeng Zhizao (shenzhen) Technology Co., Ltd. - Reliable manufacturer with proven track record.
Quality Assurance: Built with premium materials and backed by comprehensive warranty coverage.
Customer Support: Dedicated support team available for technical assistance and product guidance.",,"Key attributes model number H30S place of origin Guangdong, China brand name Bebird Product name Smart Home Products APP Bebird Control method APPControl Model Number H30S Material ABS Certificate CE FCC ROHS Usage Household Appliances Working time 80 min Feature Endoscopic camera Function AI Ear Canal Evaluation Packaging and delivery Selling Units Single item Single package size 21X19X7 cm Single gross weight 1.000 KG Show more"
Vibrosonic Smart Sonic Electric Toothbrush for Adults Best Automatic Home Oral Care Product Soft Bristles,https://www.alibaba.com/product-detail/Vibrosonic-Smart-Sonic-Electric-Toothbrush-for_1601397427894.html?priceId=cc6c4b05b10843d1be767ce2ba696b02,$3.90-9.50,Min. order: 1000 pieces,"Grin (Hangzhou) Technology Co.,Ltd.",https://sc04.alicdn.com/kf/H881519e992334bf29b4b4fbea035db9dd.jpg,"Vibrosonic Smart Sonic Electric Toothbrush For Adults Best Automatic Home Oral Care Product Soft Bristles - Buy Sonic Sweep Multi-mode Toothbrush
2025 Latest High Electric Toothbrush
rechargeable Vibration Electric Toothbrush Product on Alibaba.com","Premium Vibrosonic Smart Sonic Electric Toothbrush for Adults Best Automatic Home Oral Care Product Soft Bristles - High-quality product designed for optimal performance and user satisfaction.
Key Features: Smart Device, Electric Powered, Home Use
Smart Technology: WiFi/Bluetooth enabled for seamless connectivity and remote control capabilities.
Power Source: Electric-powered operation for consistent performance and professional results.
Perfect for home use while maintaining professional quality standards.
Competitive Pricing: $3.90-9.50
Order Requirements: Min. order: 1000 pieces
Trusted Supplier: Grin (Hangzhou) Technology Co.,Ltd. - Reliable manufacturer with proven track record.
Quality Assurance: Built with premium materials and backed by comprehensive warranty coverage.
Customer Support: Dedicated support team available for technical assistance and product guidance.",,"Function 2 Mins Timer+30s Reminders, Efficient Oral Care"
SZMYQ Tuya Modern Home App Monitor Elder Care Intelligent Breath Sensor Detects Sleep Heartbeat Rate WiFi Connected PC Product,https://www.alibaba.com/product-detail/SZMYQ-Tuya-Modern-Home-App-Monitor_1600938681039.html?priceId=cc6c4b05b10843d1be767ce2ba696b02,$44.60-60,Min. order: 1 piece,"Shenzhen MyQ Smart Technology Co.,Ltd",https://sc04.alicdn.com/kf/H06fd9c192da44156a6065304fff7fa43a.jpg,"Szmyq Tuya Modern Home App Monitor Elder Care Intelligent Breath Sensor Detects Sleep Heartbeat Rate Wifi Connected Pc Product - Buy Szmyq 60ghz Tuya Elder Care Detecting Human Sleep Respiratory And Heartbeat Rate Smart Home App Monitor Wifi Human Breath Sensor
szmyq Tuya Wifi Smart Human Presence Detector Millimeter Wave Radar Detection Sensor For Home Security And Energy Conservation
szmyq Tuya 60ghz Millimeter Wave Radar Detector Usb Charge Smart Life App Human Heartbeat Rate Detector Elder Care Alarm Sensor Product on Alibaba.com","Advanced SZMYQ Tuya Modern Home App Monitor Elder Care Intelligent Breath Sensor Detects Sleep Heartbeat Rate WiFi Connected PC Product - Professional-grade ear cleaning equipment with camera technology for safe and precise ear care. Perfect for family health maintenance and professional healthcare use.
Key Features: Home Use, Ear Care, WiFi Enabled
Perfect for home use while maintaining professional quality standards.
Competitive Pricing: $44.60-60
Order Requirements: Min. order: 1 piece
Trusted Supplier: Shenzhen MyQ Smart Technology Co.,Ltd - Reliable manufacturer with proven track record.
Quality Assurance: Built with premium materials and backed by comprehensive warranty coverage.
Customer Support: Dedicated support team available for technical assistance and product guidance.",,"Home & Garden Smart Home Improvement Smart Houseware Smart Home Products SZMYQ Tuya Modern Home App Monitor Elder Care Intelligent Breath Sensor Detects Sleep Heartbeat Rate WiFi Connected PC Product No reviews yet 1 sold Shenzhen MyQ Smart Technology Co.,Ltd Brand Holder 6 yrs CN Previous slide Next slide Previous slide Next slide"
Elderly Care Smart System with Door Magnetic Sensor & Inactivity Alert | Home Safety Monitoring Solution,https://www.alibaba.com/product-detail/Elderly-Care-Smart-System-with-Door_1601524059344.html?priceId=cc6c4b05b10843d1be767ce2ba696b02,$1-2,Min. order: 1 box,"Changsha Joy Technology Co., Ltd.",https://sc04.alicdn.com/kf/Ha8d26b872bc14d36a634d19037294bdf9.png,"Elderly Care Smart System With Door Magnetic Sensor & Inactivity Alert | Home Safety Monitoring Solution - Buy Elderly Smart Care System	
magnetic Door Sensor	
elderly Inactivity Alert	
door Contact Sensor	
inactivity Detection Via Door Sensor Product on Alibaba.com","Premium Elderly Care Smart System with Door Magnetic Sensor & Inactivity Alert | Home Safety Monitoring Solution - High-quality product designed for optimal performance and user satisfaction.
Key Features: Smart Device, Home Use, Elderly Care
Smart Technology: WiFi/Bluetooth enabled for seamless connectivity and remote control capabilities.
Perfect for home use while maintaining professional quality standards.
Competitive Pricing: $1-2
Order Requirements: Min. order: 1 box
Trusted Supplier: Changsha Joy Technology Co., Ltd. - Reliable manufacturer with proven track record.
Quality Assurance: Built with premium materials and backed by comprehensive warranty coverage.
Customer Support: Dedicated support team available for technical assistance and product guidance.",,"Key attributes Product Type Security Kits place of origin China Product name T10G Usage Personal Function Emergency Alert,Medical Alert,Intrusion/Fire Alarm Warranty 2 Years Power DC5V 1A MOQ 1 Set Certificate CE,CCC,RoHS,FCC Application Personal Color Customized Dimension (mm) 150*200*30mm Packaging and delivery Selling Units Single item Single package size 44.5X41X51 cm Single gross weight 25.960 KG Lead time Quantity (boxes) 1 - 1 2 - 50 > 50 Lead time (days) 3 7 To be negotiated Customization options Customized packaging +$10/box (Min. order: 1,000 boxes) View details Chat now Product descriptions from the supplier"
SM-C03 Home Care Vital Signs Detector Elderly OLED 60G Millimeter Wave Radar Sleep Breathing Heart Rate Battery,https://www.alibaba.com/product-detail/SM-C03-Home-Care-Vital-Signs_1601497428687.html?priceId=cc6c4b05b10843d1be767ce2ba696b02,$42.30-62.30,Min. order: 1 piece,"Shanghai Shengyi Industrial Co., Ltd.",https://sc04.alicdn.com/kf/He6bc6cbac2d341099eb882d4d1148899l.jpg,"Sm-c03 Home Care Vital Signs Detector Elderly Oled 60g Millimeter Wave Radar Sleep Breathing Heart Rate Battery - Buy Oled Display Vital Signs Detector
wifi-enabled Home Care Device
home Application Vital Signs Monitor
battery-powered Vital Signs Detector
bar Design Vital Signs Monitor Product on Alibaba.com","Advanced SM-C03 Home Care Vital Signs Detector Elderly OLED 60G Millimeter Wave Radar Sleep Breathing Heart Rate Battery - Professional-grade ear cleaning equipment with camera technology for safe and precise ear care. Perfect for family health maintenance and professional healthcare use.
Key Features: Home Use, Ear Care, Elderly Care
Perfect for home use while maintaining professional quality standards.
Competitive Pricing: $42.30-62.30
Order Requirements: Min. order: 1 piece
Trusted Supplier: Shanghai Shengyi Industrial Co., Ltd. - Reliable manufacturer with proven track record.
Quality Assurance: Built with premium materials and backed by comprehensive warranty coverage.
Customer Support: Dedicated support team available for technical assistance and product guidance.",,"Consumer Electronics Smart Electronics Smart Home Smart Home Products & Devices SM-C03 Home Care Vital Signs Detector Elderly OLED 60G Millimeter Wave Radar Sleep Breathing Heart Rate Battery No reviews yet Shanghai Shengyi Industrial Co., Ltd. 1 yr CN Previous slide Next slide Previous slide Next slide"
New Product 2024 Home Air Cleaner Mini Portable Smart Air Purifier for Allergies Pets Hair in Bedroom Purificador De Aire,https://www.alibaba.com/product-detail/New-Product-2024-Home-Air-Cleaner_1601112710808.html?priceId=cc6c4b05b10843d1be767ce2ba696b02,$14-20,Min. order: 2 sets,"Shenzhen Yuanliang Tech Co., Ltd.",https://sc04.alicdn.com/kf/Hc9f3700fd6fe468db5a907f7841a8fdfE.jpg,"New Product 2024 Home Air Cleaner Mini Portable Smart Air Purifier For Allergies Pets Hair In Bedroom Purificador De Aire - Buy New Product 2024 Home Air Cleaner
mini Portable Smart Air Purifier For Allergies Pets Hair
in Bedroom Purificador De Aire Product on Alibaba.com","Premium New Product 2024 Home Air Cleaner Mini Portable Smart Air Purifier for Allergies Pets Hair in Bedroom Purificador De Aire - High-quality product designed for optimal performance and user satisfaction.
Key Features: Smart Device, Home Use, Portable, Mini Size, AI Technology
Smart Technology: WiFi/Bluetooth enabled for seamless connectivity and remote control capabilities.
Portability: Compact and lightweight design for easy transport and storage.
Perfect for home use while maintaining professional quality standards.
Competitive Pricing: $14-20
Order Requirements: Min. order: 2 sets
Trusted Supplier: Shenzhen Yuanliang Tech Co., Ltd. - Reliable manufacturer with proven track record.
Quality Assurance: Built with premium materials and backed by comprehensive warranty coverage.
Customer Support: Dedicated support team available for technical assistance and product guidance.",,"Key attributes air freshener use Home active ingredient content Above 80% (Inclusive) type Air Fresheners shape Solid feature Eco-Friendly place of origin Guangdong, China Brand Name YL model number YL-01X Product name Air Purifier YL-01X Battery Capacity 1200mAh Product Size 335*190*560MM Color White Optional UV Light/Anion Noise 62dbPackage Function Allergies Pets Hair in Bedroom purificado Feature Efficiently Advantage fresh air Package 405*235*610mm Packaging and delivery Selling Units Single item Single package size XX cm Show more"
Tuya Smart WiFi Caregiver Pager SOS Emergency Alarm System for Elderly Living Alone Home Care Emergency Help-PST-CF206,https://www.alibaba.com/product-detail/Tuya-Smart-WiFi-Caregiver-Pager-SOS_1601267198533.html?priceId=cc6c4b05b10843d1be767ce2ba696b02,$14.60,Min. order: 1 piece,"Shenzhen Professional Security Technology Co., Limited",https://sc04.alicdn.com/kf/H7de00ac18cd54ccd9732b9dc6014e2536.jpg,Tuya Smart Wifi Caregiver Pager Sos Emergency Alarm System For Elderly Living Alone Home Care Emergency Help-pst-cf206 - Buy Sos Emergency Alarm System Caregiver Pager Sos Emergency Alarm System Wifi Caregiver Pager Sos Emergency Alarm System Tuya Smart Wifi Caregiver Pager Sos Emergency Alarm System Product on Alibaba.com,"Premium Tuya Smart WiFi Caregiver Pager SOS Emergency Alarm System for Elderly Living Alone Home Care Emergency Help-PST-CF206 - High-quality product designed for optimal performance and user satisfaction.
Key Features: Smart Device, Home Use, Elderly Care, WiFi Enabled
Smart Technology: WiFi/Bluetooth enabled for seamless connectivity and remote control capabilities.
Perfect for home use while maintaining professional quality standards.
Competitive Pricing: $14.60
Order Requirements: Min. order: 1 piece
Trusted Supplier: Shenzhen Professional Security Technology Co., Limited - Reliable manufacturer with proven track record.
Quality Assurance: Built with premium materials and backed by comprehensive warranty coverage.
Customer Support: Dedicated support team available for technical assistance and product guidance.",,"Advanced Low-Battery Detection: The system features low-battery detection, sending notifications to the user when the battery level is low, ensuring timely replacement and preventing unexpected disruptions to the system's functionality."
Gis Smart Home Care Wireless Caregiver Pager Ip68 Waterproof Wireless Doorbell Sos Panic Button Alert Button for Seniors at Home,https://www.alibaba.com/product-detail/Gis-Smart-Home-Care-Wireless-Caregiver_1601376703382.html?priceId=cc6c4b05b10843d1be767ce2ba696b02,$6.30,Min. order: 1 piece,"Shenzhen Gis System Co., Ltd.",https://sc04.alicdn.com/kf/H088b831b985145fcbe84b03a7e2a27dae.jpg,"Gis Smart Home Care Wireless Caregiver Pager Ip68 Waterproof Wireless Doorbell Sos Panic Button Alert Button For Seniors At Home - Buy Alert Button For Seniors At Home
wireless Caregiver Pager
wireless Doorbell Sos Panic Button Product on Alibaba.com","Premium Gis Smart Home Care Wireless Caregiver Pager Ip68 Waterproof Wireless Doorbell Sos Panic Button Alert Button for Seniors at Home - High-quality product designed for optimal performance and user satisfaction.
Key Features: Smart Device, Home Use
Smart Technology: WiFi/Bluetooth enabled for seamless connectivity and remote control capabilities.
Perfect for home use while maintaining professional quality standards.
Competitive Pricing: $6.30
Order Requirements: Min. order: 1 piece
Trusted Supplier: Shenzhen Gis System Co., Ltd. - Reliable manufacturer with proven track record.
Quality Assurance: Built with premium materials and backed by comprehensive warranty coverage.
Customer Support: Dedicated support team available for technical assistance and product guidance.",,"Security Alarms Personal Alarms Gis Smart Home Care Wireless Caregiver Pager Ip68 Waterproof Wireless Doorbell Sos Panic Button Alert Button for Seniors at Home No reviews yet Shenzhen Gis System Co., Ltd. 5 yrs CN Previous slide Next slide Previous slide Next slide Key attributes Place of Origin Guangdong, China Material plastic Sensitivity high Type wireless doorbell Brand Name GIS SMART Model Number DA22 lifetime Over 20,000 turn on/off Guarantee 1year Power supply 2032 button cell Packaging and delivery Selling Units Single item Single package size 15X10X9 cm Single gross weight 0.200 KG Lead time Quantity (pieces) 1 - 1000 > 1000 Lead time (days) 10 To be negotiated Customization options Customized logo (Min. order: 50,000 pieces) Customized packaging (Min. order: 200,000 pieces) View details Chat now Product descriptions from the supplier Wholesale Customization FREE shipping capped at $20 on your first order Ready to ship 1 - 59 pieces $6.30 60 - 599 pieces $6 600 - 1999 pieces $5.50 >= 2000 pieces $5 Sample price: $6.30 Get sample Variations Select now Shipping Start order Add to cart Chat now Protections for this product Delivery via Secure payments Standard refund policy Alibaba.com protects all your orders placed and paid on the platform with Related searches snap button red buttons metal button mixed buttons wooden button bulk buttons jeans button craft buttons 10mm buttons abs button horn button gold buttons brass buttons belly button resin button Report abuse"
New Model Direct Sales Smart Home Care Personal Care Appliance Portable Cordless Iron Eyelashes with Smart Temperature Control,https://www.alibaba.com/product-detail/New-Model-Direct-Sales-Smart-Home_1601345294133.html?selectedCarrierCode=SEMI_MANAGED_STANDARD%40%40STANDARD&priceId=cc6c4b05b10843d1be767ce2ba696b02,$2.39,Min. order: 1 piece,"Rui'an Xinuo Technology Co., Ltd.",https://sc04.alicdn.com/kf/Hc6e1f6b00534459690de658e7d7b92c07.png,"New Model Direct Sales Smart Home Care Personal Care Appliance Portable Cordless Iron Eyelashes With Smart Temperature Control - Buy Smart Temperature Control Cordless Iron
ce Certified Portable Iron
eyelash Care Appliance
new Eyelash Curler
factory Direct Sales Eyelash Curler
smart Temperature Control Lash Curler
portable Cordless Eyelash Curler
smart Home Care Personal Care
efficient Travel-sized Eyelash Curler
multifunctional Eyelash Curler Product on Alibaba.com","Premium New Model Direct Sales Smart Home Care Personal Care Appliance Portable Cordless Iron Eyelashes with Smart Temperature Control - High-quality product designed for optimal performance and user satisfaction.
Key Features: Smart Device, Home Use, Portable
Smart Technology: WiFi/Bluetooth enabled for seamless connectivity and remote control capabilities.
Portability: Compact and lightweight design for easy transport and storage.
Perfect for home use while maintaining professional quality standards.
Competitive Pricing: $2.39
Order Requirements: Min. order: 1 piece
Trusted Supplier: Rui'an Xinuo Technology Co., Ltd. - Reliable manufacturer with proven track record.
Quality Assurance: Built with premium materials and backed by comprehensive warranty coverage.
Customer Support: Dedicated support team available for technical assistance and product guidance.",,"application Car, RV, Outdoor, Hotel, Household Logo/graphic design Silk screen printing, hot stamping, Laser Printing, Heat-Transfer Printing operating language English, German, French Feature Portable, light/light up, Multifunction, safe, Rechargeable Battery Material plastic warranty 1 Year after-sales service provided Return and Replacement, Free spare parts power source usb, Battery, Electric app-controlled NO Battery Capacity 500mAh private mold NO place of origin Zhejiang, China Product Name Electric eyelash curls Color Black, white Material ABS Feature Portable, efficient, convenient, easy to use Size 140*88*20mm Usage For home use: For hotel use, For outdoor use, For personal use Logo Accept Custom Logo Product quality 76g voltage 3.7V Type Mini cosmetics"
1080P HD Smart Visual Electric Ear Clean Kit With Waterproof 5-axis Gyroscope Ear Wax Removal With Camera,https://www.alibaba.com/product-detail/1080P-HD-Smart-Visual-Electric-Ear_1600788582808.html?selectedCarrierCode=SEMI_MANAGED_STANDARD%40%40STANDARD&priceId=cc6c4b05b10843d1be767ce2ba696b02,$7,Min. order: 1 piece,"Wudaopu (Shenzhen) Technology Co., Ltd.",https://sc04.alicdn.com/kf/He4e3770862fd4f2e8e157b35f329e9a2V.jpg,Product Not Available,"Advanced 1080P HD Smart Visual Electric Ear Clean Kit With Waterproof 5-axis Gyroscope Ear Wax Removal With Camera - Professional-grade ear cleaning equipment with camera technology for safe and precise ear care. Perfect for family health maintenance and professional healthcare use.
Key Features: Smart Device, Electric Powered, Ear Care, Visual Display, Camera Enabled
Smart Technology: WiFi/Bluetooth enabled for seamless connectivity and remote control capabilities.
Power Source: Electric-powered operation for consistent performance and professional results.
Competitive Pricing: $7
Order Requirements: Min. order: 1 piece
Trusted Supplier: Wudaopu (Shenzhen) Technology Co., Ltd. - Reliable manufacturer with proven track record.
Quality Assurance: Built with premium materials and backed by comprehensive warranty coverage.
Customer Support: Dedicated support team available for technical assistance and product guidance.",,
Yun Luxury Smart Home Automatic Egg Incubator Humidity Display ABS Material for Chickens Egg Turner for Pet Care Living Room,https://www.alibaba.com/product-detail/Yun-Luxury-Smart-Home-Automatic-Egg_1601450108532.html?priceId=cc6c4b05b10843d1be767ce2ba696b02,$27.46,Min. order: 100 pieces,"Shenzhen Wenchuangfu Electronic Plastic Product Co., Ltd.",https://sc04.alicdn.com/kf/H802d35c5bb3d468596b2191042b37de0t.jpg,"Yun Luxury Smart Home Automatic Egg Incubator Humidity Display Abs Material For Chickens Egg Turner For Pet Care Living Room - Buy Classic Egg Incubator
birds Egg Incubator
modern Egg Incubator
living Room Egg Incubator
luxury Egg Incubator
luxury Smart Home Egg Incubator
automatic Humidity Display
abs Material For Eggs
chickens Egg Turner
eco-friendly Pet Care Solution Product on Alibaba.com","Premium Yun Luxury Smart Home Automatic Egg Incubator Humidity Display ABS Material for Chickens Egg Turner for Pet Care Living Room - High-quality product designed for optimal performance and user satisfaction.
Key Features: Smart Device, Home Use
Smart Technology: WiFi/Bluetooth enabled for seamless connectivity and remote control capabilities.
Perfect for home use while maintaining professional quality standards.
Competitive Pricing: $27.46
Order Requirements: Min. order: 100 pieces
Trusted Supplier: Shenzhen Wenchuangfu Electronic Plastic Product Co., Ltd. - Reliable manufacturer with proven track record.
Quality Assurance: Built with premium materials and backed by comprehensive warranty coverage.
Customer Support: Dedicated support team available for technical assistance and product guidance.",,"Home & Garden Smart Home Improvement Smart Houseware Smart Home Products Yun Luxury Smart Home Automatic Egg Incubator Humidity Display ABS Material for Chickens Egg Turner for Pet Care Living Room No reviews yet 1 sold #18 Hot selling in  Smart Home Products Shenzhen Wenchuangfu Electronic Plastic Product Co., Ltd. Custom Manufacturer 10 yrs CN Previous slide Next slide Previous slide Next slide Key attributes Style Modern Application Home Feature Stocked, Eco-Friendly Material ABS place of origin Guangdong, China model number KF4201081 brand name GULAKI Packaging and delivery Selling Units Single item Single package size 32X32X23 cm Single gross weight 2.500 KG Lead time Quantity (pieces) 1 - 100 > 100 Lead time (days) 7 To be negotiated Product descriptions from the supplier"
Portable Mini PTC Heating Hair Curler Hair Growth Straightener & Comb with Scalp Massage Ceramic Fluffy Loose Comb Irons Curling,https://www.alibaba.com/product-detail/Portable-Mini-PTC-Heating-Hair-Curler_1601115461342.html?priceId=cc6c4b05b10843d1be767ce2ba696b02,$20.34,Min. order: 1 piece,"Dongguan Handsome Beauty Product Co., Ltd.",https://sc04.alicdn.com/kf/Hd73ea521f91c41f2a69be834701a3281z.jpg,"Portable Mini Ptc Heating Hair Curler Hair Growth Straightener & Comb With Scalp Massage Ceramic Fluffy Loose Comb Irons Curling - Buy Curling Irons Hair Curler
hair Curler Portable Mini Iron Hair Crimper
hair Growth Straightener Comb Scalp Massage Curling Irons Clippers Hair Curler Portable Mini Iron
mini Hair Curler Ptc Heating Fluffy Loose Comb Scalp Massage Hair Growth Straightener Irons Made Pet
curling Hair Iron
automatic Hair Curler
lcd Temperature Display Curler
curling Hair Comb
ceramic Hair Curler Product on Alibaba.com","Premium Portable Mini PTC Heating Hair Curler Hair Growth Straightener & Comb with Scalp Massage Ceramic Fluffy Loose Comb Irons Curling - High-quality product designed for optimal performance and user satisfaction.
Key Features: Portable, Mini Size, AI Technology
Portability: Compact and lightweight design for easy transport and storage.
Competitive Pricing: $20.34
Order Requirements: Min. order: 1 piece
Trusted Supplier: Dongguan Handsome Beauty Product Co., Ltd. - Reliable manufacturer with proven track record.
Quality Assurance: Built with premium materials and backed by comprehensive warranty coverage.
Customer Support: Dedicated support team available for technical assistance and product guidance.",,"Key attributes heater type PTC temperature display LCD power 74W Power Source Electric application For Home Use material Ceramic place of origin Guangdong, China brand name chprety model number HK8 Temperature 130℃~200℃ Product name Hair Curler Name Professional Hair StraightenerHair Curler Comb Function Curling Hair+straightening Hair,Automatic Curling,PTC fast heating Color Pink Black Green Feature Smart Shutdown Voltage 220V Heater Fast PTC Heating Temperature 5 Variable Temperature Control Type Beauty Care Tools OEM & ODM Aaccepted Packaging and delivery Selling Units Single item Single package size 33.3X9X8.5 cm Single gross weight 1.000 KG Show more"
Factory Direct High-Power Aromatherapy Hair Dryer Blue Foldable Constant Temperature Hair Care Device Smart Home Product,https://www.alibaba.com/product-detail/Factory-Direct-High-Power-Aromatherapy-Hair_1601219773016.html?priceId=cc6c4b05b10843d1be767ce2ba696b02,$5.20,Min. order: 2 pieces,"Zhejiang Heyang Trading Co., Ltd.",https://sc04.alicdn.com/kf/He18aaf4da80242b2aa3098a5aff806bdj.jpg,"Factory Direct High-power Aromatherapy Hair Dryer Blue Foldable Constant Temperature Hair Care Device Smart Home Product - Buy Aromatherapy Hair Dryer
high-power Hair Dryer
constant Temperature Dryer
smart Hair Care Device
factory Direct Product
foldable Hair Dryer Product on Alibaba.com","Premium Factory Direct High-Power Aromatherapy Hair Dryer Blue Foldable Constant Temperature Hair Care Device Smart Home Product - High-quality product designed for optimal performance and user satisfaction.
Key Features: Smart Device, Home Use, AI Technology
Smart Technology: WiFi/Bluetooth enabled for seamless connectivity and remote control capabilities.
Perfect for home use while maintaining professional quality standards.
Competitive Pricing: $5.20
Order Requirements: Min. order: 2 pieces
Trusted Supplier: Zhejiang Heyang Trading Co., Ltd. - Reliable manufacturer with proven track record.
Quality Assurance: Built with premium materials and backed by comprehensive warranty coverage.
Customer Support: Dedicated support team available for technical assistance and product guidance.",,"Home & Garden Smart Home Improvement Smart Houseware Smart Home Products Factory Direct High-Power Aromatherapy Hair Dryer Blue Foldable Constant Temperature Hair Care Device Smart Home Product No reviews yet Zhejiang Heyang Trading Co., Ltd. Multispecialty Supplier 8 yrs CN Previous slide Next slide Previous slide Next slide"
Portable Mini Electric Nose Hair Trimmer Kit USB Charging Home Face Hair Cleaning Care Smart Home Product,https://www.alibaba.com/product-detail/Portable-Mini-Electric-Nose-Hair-Trimmer_1601457812972.html?priceId=cc6c4b05b10843d1be767ce2ba696b02,$3.23-4.04,Min. order: 16 pieces,Mairun Maxfree Group LLC,https://sc04.alicdn.com/kf/H73c78d913f594f33b05dcfcea7626e0dG.jpg,"Portable Mini Electric Nose Hair Trimmer Kit Usb Charging Home Face Hair Cleaning Care Smart Home Product - Buy Portable Display Home Nose Hair Remover Electric Nose Hair Trimmer Usb Charging Safety Face Hair Cleaning Care Kit
electric Nose Hair Trimmer For Men High Speed Motor Hair Remover Lips Eyebrows Razor R Type Cutter Head Trimmer For Nose
mini Portable Electric Nose Hair Trimmer
usb Charging Safety Face Hair Cleaning
smart Home Nose Hair Remover
electric Nose Hair Trimmer For Men Product on Alibaba.com","Premium Portable Mini Electric Nose Hair Trimmer Kit USB Charging Home Face Hair Cleaning Care Smart Home Product - High-quality product designed for optimal performance and user satisfaction.
Key Features: Smart Device, Electric Powered, Home Use, Portable, Mini Size, USB Powered, AI Technology
Smart Technology: WiFi/Bluetooth enabled for seamless connectivity and remote control capabilities.
Power Source: Electric-powered operation for consistent performance and professional results.
Portability: Compact and lightweight design for easy transport and storage.
Perfect for home use while maintaining professional quality standards.
Competitive Pricing: $3.23-4.04
Order Requirements: Min. order: 16 pieces
Trusted Supplier: Mairun Maxfree Group LLC - Reliable manufacturer with proven track record.
Quality Assurance: Built with premium materials and backed by comprehensive warranty coverage.
Customer Support: Dedicated support team available for technical assistance and product guidance.",,"Home & Garden Smart Home Improvement Smart Houseware Smart Home Products Portable Mini Electric Nose Hair Trimmer Kit USB Charging Home Face Hair Cleaning Care Smart Home Product No reviews yet Mairun Maxfree Group LLC 1 yr US Previous slide Next slide Previous slide Next slide Key attributes Power Source USB Style Eco-Friendly Application Home Feature Durable, safe Material . Control / place of origin Guangdong, China model number usa mairun823 brand name usa mairun823 Packaging and delivery Selling Units Single item Single package size 6X5X17 cm Single gross weight 0.120 KG Lead time Quantity (pieces) 1 - 16 17 - 200 201 - 500 > 500 Lead time (days) 7 10 15 To be negotiated Product descriptions from the supplier"
Removal Device Beauty Meter Smart Home Products Portable Facial Pore Cleaner Gentle Cleansing Electric Face Blackhead Remover,https://www.alibaba.com/product-detail/Removal-Device-Beauty-Meter-Smart-Home_1601374950596.html?priceId=cc6c4b05b10843d1be767ce2ba696b02,$2.59-22.63,Min. order: 100 units,"Qingdao Tiancheng Zhaochi International Trade Co., Ltd.",https://sc04.alicdn.com/kf/Hb433265de6a14055bc83f7906c8bc94cw.jpg,"Removal Device Beauty Meter Smart Home Products Portable Facial Pore Cleaner Gentle Cleansing Electric Face Blackhead Remover - Buy Vacuum Blackhead Remover
blackhead Remover Vacuum
blackhead Remover Machine
nose Strips Blackhead Removal
blackhead Remover Strip
lanbena Blackhead Remover
blackhead Remover Serum
nose Blackhead Removal
blackhead Remover Nose Strip
blackhead Remover Tool
blackhead Remove Mask
nose Patch Blackhead Remover
pore Vacuum Blackhead Remover
electric Small Bubble Blackhead Remover Product on Alibaba.com","Professional Removal Device Beauty Meter Smart Home Products Portable Facial Pore Cleaner Gentle Cleansing Electric Face Blackhead Remover - High-quality beauty and personal care equipment designed for both home and professional use. Delivers salon-quality results with advanced technology.
Key Features: Smart Device, Electric Powered, Beauty Equipment, Home Use, Portable
Smart Technology: WiFi/Bluetooth enabled for seamless connectivity and remote control capabilities.
Power Source: Electric-powered operation for consistent performance and professional results.
Portability: Compact and lightweight design for easy transport and storage.
Perfect for home use while maintaining professional quality standards.
Competitive Pricing: $2.59-22.63
Order Requirements: Min. order: 100 units
Trusted Supplier: Qingdao Tiancheng Zhaochi International Trade Co., Ltd. - Reliable manufacturer with proven track record.
Quality Assurance: Built with premium materials and backed by comprehensive warranty coverage.
Customer Support: Dedicated support team available for technical assistance and product guidance.",,"Home & Garden Smart Home Improvement Smart Houseware Smart Home Products Removal Device Beauty Meter Smart Home Products Portable Facial Pore Cleaner Gentle Cleansing Electric Face Blackhead Remover No reviews yet Qingdao Tiancheng Zhaochi International Trade Co., Ltd. 1 yr CN Previous slide Next slide Previous slide Next slide"
New Cheap Electric Pedicure Tools Foot Care Tool Absorbing Machine Dead Skin Callus Remover Foot Polisher USB Rechargeable,https://www.alibaba.com/product-detail/New-Cheap-Electric-Pedicure-Tools-Foot_1601055951728.html?priceId=cc6c4b05b10843d1be767ce2ba696b02,$5.50,Min. order: 2 pieces,"Shenzhen Bitus E-Business Co., Ltd.",https://sc04.alicdn.com/kf/H79b659f8da0a4c588683b04fec48324aB.jpg,"New Cheap Electric Pedicure Tools Foot Care Tool Absorbing Machine Dead Skin Callus Remover Foot Polisher Usb Rechargeable - Buy Electric Foot Grinder
foot Grinder
foot Callus Remover
callus Remover Electric
foot Scrubber File Dead Skin Callus Remover Electric Foot File Vacuum Callus Remover Rechargeable Foot File Product on Alibaba.com","Professional New Cheap Electric Pedicure Tools Foot Care Tool Absorbing Machine Dead Skin Callus Remover Foot Polisher USB Rechargeable - Electric-powered foot care tool designed for effective callus removal and professional pedicure treatments. Features strong grinding rollers for smooth, salon-quality results at home.
Key Features: Electric Powered, Foot Care, Pedicure Tool, Callus Removal, USB Powered, Rechargeable
Power Source: Electric-powered operation for consistent performance and professional results.
Competitive Pricing: $5.50
Order Requirements: Min. order: 2 pieces
Trusted Supplier: Shenzhen Bitus E-Business Co., Ltd. - Reliable manufacturer with proven track record.
Quality Assurance: Built with premium materials and backed by comprehensive warranty coverage.
Customer Support: Dedicated support team available for technical assistance and product guidance.",,"Home & Garden Smart Home Improvement Smart Houseware Smart Home Products New Cheap Electric Pedicure Tools Foot Care Tool Absorbing Machine Dead Skin Callus Remover Foot Polisher USB Rechargeable No reviews yet Shenzhen Bitus E-Business Co., Ltd. 7 yrs CN Previous slide Next slide Previous slide Next slide"
Tuya WiFi Static Sensor for Elderly Care Smart Fall Detection Alarm Monitor Security System for Human Fall Elderly Smart Life,https://www.alibaba.com/product-detail/Tuya-WiFi-Static-Sensor-for-Elderly_1601008606014.html?priceId=cc6c4b05b10843d1be767ce2ba696b02,$52.80-57.88,Min. order: 10 pieces,"Honeyguard (Shenzhen) Co., Ltd.",https://sc04.alicdn.com/kf/Hbb58904a63f242518371bc7ffa10cc92J.jpg,"Tuya Wifi Static Sensor For Elderly Care Smart Fall Detection Alarm Monitor Security System For Human Fall Elderly Smart Life - Buy Human Presence Detection Tuya Wifi Falling Detection Sensor Human Body Sensing Detection Security Alarm For Elderly Care
home Security Tuya 2.4g Wifi Human Static Sensor Static Dwell Elderly Fall Down Detection Alarm Smart Linkage
tuya Compatible Human Fall Detection Sensor Security System Alarm Smart Home Sos Wifi Remote Alarm Elderly Human Static Sensor
smart Life Detection Senso Product on Alibaba.com","Premium Tuya WiFi Static Sensor for Elderly Care Smart Fall Detection Alarm Monitor Security System for Human Fall Elderly Smart Life - High-quality product designed for optimal performance and user satisfaction.
Key Features: Smart Device, Elderly Care, WiFi Enabled
Smart Technology: WiFi/Bluetooth enabled for seamless connectivity and remote control capabilities.
Competitive Pricing: $52.80-57.88
Order Requirements: Min. order: 10 pieces
Trusted Supplier: Honeyguard (Shenzhen) Co., Ltd. - Reliable manufacturer with proven track record.
Quality Assurance: Built with premium materials and backed by comprehensive warranty coverage.
Customer Support: Dedicated support team available for technical assistance and product guidance.",,"Home & Garden Smart Home Improvement Smart Houseware Smart Home Products Tuya WiFi Static Sensor for Elderly Care Smart Fall Detection Alarm Monitor Security System for Human Fall Elderly Smart Life No reviews yet Honeyguard (Shenzhen) Co., Ltd. 3 yrs CN Previous slide Next slide Previous slide Next slide"
Dry Cracking Pedicure Softening Rough Elastic Non-slip Women Foot Care Protector Silicone Moisturizing Socks,https://www.alibaba.com/product-detail/Dry-Cracking-Pedicure-Softening-Rough-Elastic_1601198611558.html?priceId=cc6c4b05b10843d1be767ce2ba696b02,$0.20-0.49,Min. order: 100 pieces,"Qingdao Ue Home Design & Products Co., Ltd.",https://sc04.alicdn.com/kf/Ha9444f06eb374fb890e2e962aa10f3ca1.jpg,Dry Cracking Pedicure Softening Rough Elastic Non-slip Women Foot Care Protector Silicone Moisturizing Socks - Buy Silicone Moisturizing Socks For Dry Cracking Feet Foot Spa Gel Pedicure Socks Softening Rough Skin Calluse Product on Alibaba.com,"Professional Dry Cracking Pedicure Softening Rough Elastic Non-slip Women Foot Care Protector Silicone Moisturizing Socks - Electric-powered foot care tool designed for effective callus removal and professional pedicure treatments. Features strong grinding rollers for smooth, salon-quality results at home.
Key Features: Foot Care, Pedicure Tool
Competitive Pricing: $0.20-0.49
Order Requirements: Min. order: 100 pieces
Trusted Supplier: Qingdao Ue Home Design & Products Co., Ltd. - Reliable manufacturer with proven track record.
Quality Assurance: Built with premium materials and backed by comprehensive warranty coverage.
Customer Support: Dedicated support team available for technical assistance and product guidance.",,"Home & Garden Smart Home Improvement Smart Houseware Smart Home Products Dry Cracking Pedicure Softening Rough Elastic Non-slip Women Foot Care Protector Silicone Moisturizing Socks No reviews yet Qingdao Ue Home Design & Products Co., Ltd. 2 yrs CN Previous slide Next slide Previous slide Next slide"
New Products Smart Ring Waterproof for Blood Oxygen Ring Meter Step Calories Healthy Sleep & Heart Rate Monitoring,https://www.alibaba.com/product-detail/New-Products-Smart-Ring-Waterproof-for_1601345475549.html?priceId=cc6c4b05b10843d1be767ce2ba696b02,$13.98,Min. order: 2 pieces,"Shenzhen Weichang Technology Co., Ltd.",https://sc04.alicdn.com/kf/Hd768138feb8040e9b33a0c010cd2cd016.jpg,New Products Smart Ring Waterproof For Blood Oxygen Ring Meter Step Calories Healthy Sleep & Heart Rate Monitoring - Buy New Products Smart Ring Waterproof For Blood Oxygen Ring Meter Step Calories Healthy Sleep & Heart Rate Monitoring Product on Alibaba.com,"Advanced New Products Smart Ring Waterproof for Blood Oxygen Ring Meter Step Calories Healthy Sleep & Heart Rate Monitoring - Professional-grade ear cleaning equipment with camera technology for safe and precise ear care. Perfect for family health maintenance and professional healthcare use.
Key Features: Smart Device, Ear Care, Health Care
Smart Technology: WiFi/Bluetooth enabled for seamless connectivity and remote control capabilities.
Designed for health and wellness applications with safety and hygiene in mind.
Competitive Pricing: $13.98
Order Requirements: Min. order: 2 pieces
Trusted Supplier: Shenzhen Weichang Technology Co., Ltd. - Reliable manufacturer with proven track record.
Quality Assurance: Built with premium materials and backed by comprehensive warranty coverage.
Customer Support: Dedicated support team available for technical assistance and product guidance.",,"Consumer Electronics Smart Electronics Smart Rings New Products Smart Ring Waterproof  for Blood Oxygen Ring  Meter Step Calories Healthy  Sleep & Heart Rate Monitoring No reviews yet Shenzhen Weichang Technology Co., Ltd. 5 yrs CN Previous slide Next slide Previous slide Next slide Key attributes function Sleep Tracker feature APP Control Operating System Android Type Health smart ring place of origin prc Model Number R02 Usage Personel Home Care Keyword Sleep Monitoring Ring Application Fintness Monitors Material Steel Size 8/9/10/11 Type Fashion smart ring, Health smart ring, Religious smart ring Color 4 Colors Packaging and delivery Selling Units Single item Show more Lead time Quantity (pieces) 1 - 2 > 2 Lead time (days) 10 To be negotiated Product descriptions from the supplier"
New Product Smart Ring Intelligent Temperature Blood Oxygen Digital Sleep Tracker Waterproof Men Women Charging Case Optional,https://www.alibaba.com/product-detail/New-Product-Smart-Ring-Intelligent-Temperature_1601395214316.html?selectedCarrierCode=SEMI_MANAGED_STANDARD%40%40STANDARD&priceId=cc6c4b05b10843d1be767ce2ba696b02,$13.90,Min. order: 2 pieces,"Shenzhen Lingchuang Electronic Technology Co., Ltd.",https://sc04.alicdn.com/kf/Hb653ca2734024639bdad27e2501b6c0c4.jpg,New Product Smart Ring Intelligent Temperature Blood Oxygen Digital Sleep Tracker Waterproof Men Women Charging Case Optional - Buy Ring Waterproof Inteligente Phone Fitness Tracker Health Management Finger Ring Smart Ring For Android Smart Counter Ring For Muslims Ring Digital Prayer Time Vibration Reminder Waterproof Blood Oxygen Sleeping Quality Monitoring Pedometer Calorie Detection Health Tracker Smart Rings Professional Titanium Smart Ring Health Heart Rate Blood Oxygen Sleeping Monitor Price India Product on Alibaba.com,"Premium New Product Smart Ring Intelligent Temperature Blood Oxygen Digital Sleep Tracker Waterproof Men Women Charging Case Optional - High-quality product designed for optimal performance and user satisfaction.
Key Features: Smart Device
Smart Technology: WiFi/Bluetooth enabled for seamless connectivity and remote control capabilities.
Competitive Pricing: $13.90
Order Requirements: Min. order: 2 pieces
Trusted Supplier: Shenzhen Lingchuang Electronic Technology Co., Ltd. - Reliable manufacturer with proven track record.
Quality Assurance: Built with premium materials and backed by comprehensive warranty coverage.
Customer Support: Dedicated support team available for technical assistance and product guidance.",,"Key attributes function Sleep Tracker, Fitness Tracker, Heart Rate Tracker, Mood Tracker feature APP Control case material Titanium Material Titanium Alloy battery life 5 to 10 days private mold Yes Type Religious smart ring, Health smart ring, Fashion smart ring waterproof standard IP68 place of origin Guangdong, China Product name Bluetooth Remote Control Ring Usage Personel Home Care Battery 16mAh OEM /ODM Acceptable Working Day 5-10 Days Material Titanium alloy Keyword Ring Smart Style BT Smart Ring Packaging and delivery Selling Units Single item Single package size 8X8X3 cm Single gross weight 0.090 KG Show more Lead time Quantity (pieces) 1 - 1000 > 1000 Lead time (days) 30 To be negotiated Product descriptions from the supplier"
New Cheap Electric Pedicure Tools Foot Care Tool Absorbing Machine Dead Skin Callus Remover Foot Polisher USB Rechargeable,https://www.alibaba.com/product-detail/New-Cheap-Electric-Pedicure-Tools-Foot_1601247279068.html?priceId=cc6c4b05b10843d1be767ce2ba696b02,$5.50,Min. order: 2 pieces,"CHINESE POPLAR INDUSTRIAL CO., LIMITED",https://sc04.alicdn.com/kf/Hc1ef390a9c0744c78f801a67637d8819f.jpg,"New Cheap Electric Pedicure Tools Foot Care Tool Absorbing Machine Dead Skin Callus Remover Foot Polisher Usb Rechargeable - Buy Electric Foot Grinder
foot Grinder
foot Callus Remover
callus Remover Electric
foot Scrubber File Dead Skin Callus Remover Electric Foot File Vacuum Callus Remover Rechargeable Foot File Product on Alibaba.com","Professional New Cheap Electric Pedicure Tools Foot Care Tool Absorbing Machine Dead Skin Callus Remover Foot Polisher USB Rechargeable - Electric-powered foot care tool designed for effective callus removal and professional pedicure treatments. Features strong grinding rollers for smooth, salon-quality results at home.
Key Features: Electric Powered, Foot Care, Pedicure Tool, Callus Removal, USB Powered, Rechargeable
Power Source: Electric-powered operation for consistent performance and professional results.
Competitive Pricing: $5.50
Order Requirements: Min. order: 2 pieces
Trusted Supplier: CHINESE POPLAR INDUSTRIAL CO., LIMITED - Reliable manufacturer with proven track record.
Quality Assurance: Built with premium materials and backed by comprehensive warranty coverage.
Customer Support: Dedicated support team available for technical assistance and product guidance.",,"Home & Garden Smart Home Improvement Smart Houseware Smart Home Products New Cheap Electric Pedicure Tools Foot Care Tool Absorbing Machine Dead Skin Callus Remover Foot Polisher USB Rechargeable No reviews yet CHINESE POPLAR INDUSTRIAL CO., LIMITED 2 yrs HK Previous slide Next slide Previous slide Next slide"
Nose Hair Trimmer USB Charging Electric Portable Men Mini Nose Hair Trimmer Face Care Kit Tools,https://www.alibaba.com/product-detail/Nose-Hair-Trimmer-USB-Charging-Electric_1601447759307.html?priceId=cc6c4b05b10843d1be767ce2ba696b02,$1.07-1.34,Min. order: 40 pieces,HE NAN QIAN YUAN INC,https://sc04.alicdn.com/kf/H47591d94ecae42c09b2cbc9cf5a81f547.jpg,Nose Hair Trimmer Usb Charging Electric Portable Men Mini Nose Hair Trimmer Face Care Kit Tools - Buy Portable Nose Hair Trimmer Electric Men Mini Nose Hair Remover Machine Usb Charging Dual-edge Blades Nose Trimmer Product on Alibaba.com,"Premium Nose Hair Trimmer USB Charging Electric Portable Men Mini Nose Hair Trimmer Face Care Kit Tools - High-quality product designed for optimal performance and user satisfaction.
Key Features: Electric Powered, Portable, Mini Size, USB Powered, AI Technology
Power Source: Electric-powered operation for consistent performance and professional results.
Portability: Compact and lightweight design for easy transport and storage.
Competitive Pricing: $1.07-1.34
Order Requirements: Min. order: 40 pieces
Trusted Supplier: HE NAN QIAN YUAN INC - Reliable manufacturer with proven track record.
Quality Assurance: Built with premium materials and backed by comprehensive warranty coverage.
Customer Support: Dedicated support team available for technical assistance and product guidance.",,Home & Garden Smart Home Improvement Smart Houseware Smart Home Products Nose Hair Trimmer USB Charging Electric Portable Men Mini Nose Hair Trimmer Face Care Kit Tools No reviews yet HE NAN QIAN YUAN INC 1 yr US Previous slide Next slide Previous slide Next slide
M7 Universal Rechargeable 3-in-1 Smart Polishing Cutting Grinding Electric Nail Clipper for Baby Kids and Adults,https://www.alibaba.com/product-detail/M7-Universal-Rechargeable-3-in-1_1601361599529.html?priceId=cc6c4b05b10843d1be767ce2ba696b02,$7.50,Min. order: 10 pieces,"Mormei Home Personal Care Products (shenzhen) Co., Ltd.",https://sc04.alicdn.com/kf/H06f810800b324f64964f32238c2603eei.jpg,"M7 Universal Rechargeable 3-in-1 Smart Polishing Cutting Grinding Electric Nail Clipper For Baby Kids And Adults - Buy Electric Nail Clipper
nail Clipper Electric
baby Electric Nail Clipper
smart Rechargeable Electric Nail Clipper Perfect
automatic Electric Nail Clipper Product on Alibaba.com","Premium M7 Universal Rechargeable 3-in-1 Smart Polishing Cutting Grinding Electric Nail Clipper for Baby Kids and Adults - High-quality product designed for optimal performance and user satisfaction.
Key Features: Smart Device, Electric Powered, Rechargeable, AI Technology
Smart Technology: WiFi/Bluetooth enabled for seamless connectivity and remote control capabilities.
Power Source: Electric-powered operation for consistent performance and professional results.
Competitive Pricing: $7.50
Order Requirements: Min. order: 10 pieces
Trusted Supplier: Mormei Home Personal Care Products (shenzhen) Co., Ltd. - Reliable manufacturer with proven track record.
Quality Assurance: Built with premium materials and backed by comprehensive warranty coverage.
Customer Support: Dedicated support team available for technical assistance and product guidance.",,"Key attributes application Household, Commercial, Hotel, Outdoor, Car, Travel Logo/graphic design Silk screen printing Feature Portable, safe, Easy operation, Automatic, Multifunction Material ABS+pc+alloy blade warranty None after-sales service provided None power source Battery app-controlled NO Battery Capacity 500mAh private mold NO place of origin Guangdong, China Product name Smart Polishing cutting grinding electric nail clipper for baby kids model No M7 Features nail trim/polishing Battery  Capacity 500mAh Material ABS+PC+Alloy Blade product size 86*59*30mm product weight with package 0.18kg Input 5V/1A Working voltage/ current 3.7V/ 70-200mAh charging port Type C Packaging and delivery Selling Units Single item Single package size 13X12X6 cm Single gross weight 0.200 KG Show more"
Smart Home Product Dental Water Flosser USB Rechargeable Oral Care 3 Modes Irrigator for Home Use Cleaning Tool for Bedroom,https://www.alibaba.com/product-detail/Smart-Home-Product-Dental-Water-Flosser_1601516490936.html?priceId=cc6c4b05b10843d1be767ce2ba696b02,$2.25-4.38,Min. order: 60 pieces,"Shaanxi Lilian New Material Technology Co., LTD.",https://sc04.alicdn.com/kf/Hc1118f46dd3243b59c80a69eef6b2903v.jpg,"Smart Home Product Dental Water Flosser Usb Rechargeable Oral Care 3 Modes Irrigator For Home Use Cleaning Tool For Bedroom - Buy Both Winner Technology
high Pressure Pulse Oral Flosser Electric Teeth Cleaner Teeth Cleaning Electric Water Flosser Portable Oral Flosser
bathroom Use Tooth Cleaner
digital Smart Tooth Flosser
smart Digital Teeth Cleaner
smart Home Oral Flosser
usb Rechargeable Teeth Cleaner Product on Alibaba.com","Premium Smart Home Product Dental Water Flosser USB Rechargeable Oral Care 3 Modes Irrigator for Home Use Cleaning Tool for Bedroom - High-quality product designed for optimal performance and user satisfaction.
Key Features: Smart Device, Home Use, USB Powered, Rechargeable
Smart Technology: WiFi/Bluetooth enabled for seamless connectivity and remote control capabilities.
Perfect for home use while maintaining professional quality standards.
Competitive Pricing: $2.25-4.38
Order Requirements: Min. order: 60 pieces
Trusted Supplier: Shaanxi Lilian New Material Technology Co., LTD. - Reliable manufacturer with proven track record.
Quality Assurance: Built with premium materials and backed by comprehensive warranty coverage.
Customer Support: Dedicated support team available for technical assistance and product guidance.",,"Key attributes Type smart Home products usage Home Power Source Built-in rechargeable battery and USB  Charging Material ABS batteries required Yes application Bedroom, Office, Living Room, indoor feature Portable smart type Digital power supply Batteries and USB place of origin Zhejiang, China brand name Lilian model number LLA-TC-Alita control mode 3 Product name Electric Teeth Cleaner Material ABS MOQ 50pcs Advantage Eco-friendly Cleaning Durable Voltage 3.7 Logo Customized Logo Accept Packaging and delivery Selling Units Single item Single package size 28X25X30 cm Single gross weight 0.500 KG Show more Lead time Quantity (pieces) 1 - 50 51 - 1000 1001 - 5000 > 5000 Lead time (days) 31 32 35 To be negotiated Product descriptions from the supplier"
Smart Home Professional Electric Foot File for Callus Removal and Pedicure Care With Strong Grinding Rollers Pedicure Tools,https://www.alibaba.com/product-detail/Smart-Home-Professional-Electric-Foot-File_1601448922014.html?priceId=cc6c4b05b10843d1be767ce2ba696b02,$1.33-1.71,Min. order: 30 pieces,"HK MAIRUN INDUSTRIAL CO., LIMITED",https://sc04.alicdn.com/kf/Hfc8f8d18f63a4445816ef94e935289f9c.jpg,"Smart Home Professional Electric Foot File For Callus Removal And Pedicure Care With Strong Grinding Rollers Pedicure Tools - Buy Electronic Tool File And Healing Tissue Remover Electric Foot Grinder Pink
rechargeable Electric Foot Callus Remover Pedicure Machine Foot Grinder Foot Tools Foot Files Clean Tools For Hard Cracked Skin Product on Alibaba.com","Professional Smart Home Professional Electric Foot File for Callus Removal and Pedicure Care With Strong Grinding Rollers Pedicure Tools - Electric-powered foot care tool designed for effective callus removal and professional pedicure treatments. Features strong grinding rollers for smooth, salon-quality results at home.
Key Features: Smart Device, Electric Powered, Home Use, Professional Grade, Foot Care, Pedicure Tool, Callus Removal
Smart Technology: WiFi/Bluetooth enabled for seamless connectivity and remote control capabilities.
Power Source: Electric-powered operation for consistent performance and professional results.
Professional Grade: Built to meet professional standards for reliability and performance.
Perfect for home use while maintaining professional quality standards.
Competitive Pricing: $1.33-1.71
Order Requirements: Min. order: 30 pieces
Trusted Supplier: HK MAIRUN INDUSTRIAL CO., LIMITED - Reliable manufacturer with proven track record.
Quality Assurance: Built with premium materials and backed by comprehensive warranty coverage.
Customer Support: Dedicated support team available for technical assistance and product guidance.",,"Home & Garden Smart Home Improvement Smart Houseware Smart Home Products Smart Home Professional Electric Foot File for Callus Removal and Pedicure Care With Strong Grinding Rollers Pedicure Tools No reviews yet HK MAIRUN INDUSTRIAL CO., LIMITED 1 yr HK Previous slide Next slide Previous slide Next slide"
Smart Home Products Eco Friendly Electronic Smart Toothbrush Teeth Whitening Kit Oral Care Portable Electric Toothbrush,https://www.alibaba.com/product-detail/Smart-Home-Products-Eco-Friendly-Electronic_1601536675671.html?selectedCarrierCode=SEMI_MANAGED_STANDARD%40%40STANDARD&priceId=cc6c4b05b10843d1be767ce2ba696b02,$6.80,Min. order: 1 piece,"Wenzhou Oya Intelligent Technology Co., Ltd.",https://sc04.alicdn.com/kf/H27ccfb507b454d47850556efdfcd1880d.png,Smart Home Products Eco Friendly Electronic Smart Toothbrush Teeth Whitening Kit Oral Care Portable Electric Toothbrush - Buy 2025 Latest Low Price Intelligent Factory Customization Cepillo Dientes Electrico 2000mah Battery Type-c Usb 38000 Rpm 5 Modes Rechargeable Waterproof Wholesale Premium Package White/blue/green/orange/pink/black Wooden Color Efficient Clean Cepillo De Dientes Smart Sonic Brosse A Dent Electrique Electric Toothbrush With Dupont Bristles Brush Holder For Adult Couple Home Travel Product on Alibaba.com,"Premium Smart Home Products Eco Friendly Electronic Smart Toothbrush Teeth Whitening Kit Oral Care Portable Electric Toothbrush - High-quality product designed for optimal performance and user satisfaction.
Key Features: Smart Device, Electric Powered, Home Use, Portable
Smart Technology: WiFi/Bluetooth enabled for seamless connectivity and remote control capabilities.
Power Source: Electric-powered operation for consistent performance and professional results.
Portability: Compact and lightweight design for easy transport and storage.
Perfect for home use while maintaining professional quality standards.
Competitive Pricing: $6.80
Order Requirements: Min. order: 1 piece
Trusted Supplier: Wenzhou Oya Intelligent Technology Co., Ltd. - Reliable manufacturer with proven track record.
Quality Assurance: Built with premium materials and backed by comprehensive warranty coverage.
Customer Support: Dedicated support team available for technical assistance and product guidance.",,"Personal Care & Household Cleaning Oral Care Sonic Toothbrushes Smart Home Products Eco Friendly Electronic Smart Toothbrush Teeth Whitening Kit Oral Care Portable Electric Toothbrush No reviews yet certified Wenzhou Oya Intelligent Technology Co., Ltd. Custom Manufacturer 1 yr CN Previous slide Next slide Previous slide Next slide"
Rechargeable Smart Home Products Smart Sonic Tooth Brush Teeth Whitening Clean Portable Electric Toothbrush,https://www.alibaba.com/product-detail/Rechargeable-Smart-Home-Products-Smart-Sonic_1601524791883.html?priceId=cc6c4b05b10843d1be767ce2ba696b02,$6.49-7.33,Min. order: 1000 boxes,"Jiangxi Ivismile Technology Co., Ltd.",https://sc04.alicdn.com/kf/Ha3c746daab43470792f17712901e8f450.jpg,Rechargeable Smart Home Products Smart Sonic Tooth Brush Teeth Whitening Clean Portable Electric Toothbrush - Buy Sonic Toothbrush Smart Home Toothbrush Sonic Toothbrush For Whitening Portable Rechargeable Toothbrush Electric Toothbrush Product on Alibaba.com,"Premium Rechargeable Smart Home Products Smart Sonic Tooth Brush Teeth Whitening Clean Portable Electric Toothbrush - High-quality product designed for optimal performance and user satisfaction.
Key Features: Smart Device, Electric Powered, Home Use, Portable, Rechargeable
Smart Technology: WiFi/Bluetooth enabled for seamless connectivity and remote control capabilities.
Power Source: Electric-powered operation for consistent performance and professional results.
Portability: Compact and lightweight design for easy transport and storage.
Perfect for home use while maintaining professional quality standards.
Competitive Pricing: $6.49-7.33
Order Requirements: Min. order: 1000 boxes
Trusted Supplier: Jiangxi Ivismile Technology Co., Ltd. - Reliable manufacturer with proven track record.
Quality Assurance: Built with premium materials and backed by comprehensive warranty coverage.
Customer Support: Dedicated support team available for technical assistance and product guidance.",,"Personal Care & Household Cleaning Oral Care Sonic Toothbrushes Rechargeable Smart Home Products Smart Sonic Tooth Brush Teeth Whitening Clean Portable Electric Toothbrush No reviews yet certified Jiangxi Ivismile Technology Co., Ltd. Custom Manufacturer 2 yrs CN Previous slide Next slide Previous slide Next slide"
Portable Mini Electric Nose Hair Trimmer Kit USB Charging Home Face Hair Cleaning Care Smart Home Product,https://www.alibaba.com/product-detail/Portable-Mini-Electric-Nose-Hair-Trimmer_1601546513822.html?priceId=cc6c4b05b10843d1be767ce2ba696b02,$23.08-28.86,Min. order: 16 pieces,Mairun Maxfree Group LLC,https://sc04.alicdn.com/kf/Hb4380112802c45aabf08eaf44ad65715E.jpg,"Portable Mini Electric Nose Hair Trimmer Kit Usb Charging Home Face Hair Cleaning Care Smart Home Product - Buy Portable Display Home Nose Hair Remover Electric Nose Hair Trimmer Usb Charging Safety Face Hair Cleaning Care Kit
electric Nose Hair Trimmer For Men High Speed Motor Hair Remover Lips Eyebrows Razor R Type Cutter Head Trimmer For Nose
mini Portable Electric Nose Hair Trimmer
usb Charging Safety Face Hair Cleaning
smart Home Nose Hair Remover Product on Alibaba.com","Premium Portable Mini Electric Nose Hair Trimmer Kit USB Charging Home Face Hair Cleaning Care Smart Home Product - High-quality product designed for optimal performance and user satisfaction.
Key Features: Smart Device, Electric Powered, Home Use, Portable, Mini Size, USB Powered, AI Technology
Smart Technology: WiFi/Bluetooth enabled for seamless connectivity and remote control capabilities.
Power Source: Electric-powered operation for consistent performance and professional results.
Portability: Compact and lightweight design for easy transport and storage.
Perfect for home use while maintaining professional quality standards.
Competitive Pricing: $23.08-28.86
Order Requirements: Min. order: 16 pieces
Trusted Supplier: Mairun Maxfree Group LLC - Reliable manufacturer with proven track record.
Quality Assurance: Built with premium materials and backed by comprehensive warranty coverage.
Customer Support: Dedicated support team available for technical assistance and product guidance.",,"Home & Garden Smart Home Improvement Smart Houseware Smart Home Products Portable Mini Electric Nose Hair Trimmer Kit USB Charging Home Face Hair Cleaning Care Smart Home Product No reviews yet Mairun Maxfree Group LLC 1 yr US Previous slide Next slide Previous slide Next slide Key attributes Power Source USB Style Eco-Friendly Application Home Feature Durable, safe Material . Control / place of origin Guangdong, China model number usa mairun823 brand name usa mairun823 Packaging and delivery Selling Units Single item Single package size 6X5X17 cm Single gross weight 0.120 KG Lead time Quantity (pieces) 1 - 16 17 - 200 201 - 500 > 500 Lead time (days) 7 10 15 To be negotiated Product descriptions from the supplier"
Smart Home Professional Electric Foot File for Callus Removal and Pedicure Care With Strong Grinding Rollers Pedicure Tools,https://www.alibaba.com/product-detail/Smart-Home-Professional-Electric-Foot-File_1601540421410.html?priceId=cc6c4b05b10843d1be767ce2ba696b02,$67.72-87.03,Min. order: 30 pieces,Mairun Maxfree Group LLC,https://sc04.alicdn.com/kf/Hab92bade26054f9f8226f0d282fed64cM.jpg,"Smart Home Professional Electric Foot File For Callus Removal And Pedicure Care With Strong Grinding Rollers Pedicure Tools - Buy Electronic Tool File And Healing Tissue Remover Electric Foot Grinder Pink
rechargeable Electric Foot Callus Remover Pedicure Machine Foot Grinder Foot Tools Foot Files Clean Tools For Hard Cracked Skin Product on Alibaba.com","Professional Smart Home Professional Electric Foot File for Callus Removal and Pedicure Care With Strong Grinding Rollers Pedicure Tools - Electric-powered foot care tool designed for effective callus removal and professional pedicure treatments. Features strong grinding rollers for smooth, salon-quality results at home.
Key Features: Smart Device, Electric Powered, Home Use, Professional Grade, Foot Care, Pedicure Tool, Callus Removal
Smart Technology: WiFi/Bluetooth enabled for seamless connectivity and remote control capabilities.
Power Source: Electric-powered operation for consistent performance and professional results.
Professional Grade: Built to meet professional standards for reliability and performance.
Perfect for home use while maintaining professional quality standards.
Competitive Pricing: $67.72-87.03
Order Requirements: Min. order: 30 pieces
Trusted Supplier: Mairun Maxfree Group LLC - Reliable manufacturer with proven track record.
Quality Assurance: Built with premium materials and backed by comprehensive warranty coverage.
Customer Support: Dedicated support team available for technical assistance and product guidance.",,Home & Garden Smart Home Improvement Smart Houseware Smart Home Products Smart Home Professional Electric Foot File for Callus Removal and Pedicure Care With Strong Grinding Rollers Pedicure Tools No reviews yet Mairun Maxfree Group LLC 1 yr US Previous slide Next slide Previous slide Next slide
Nose Hair Trimmer USB Charging Electric Portable Men Mini Nose Hair Trimmer Face Care Kit Tools,https://www.alibaba.com/product-detail/Nose-Hair-Trimmer-USB-Charging-Electric_1601489649463.html?priceId=cc6c4b05b10843d1be767ce2ba696b02,$0.93-1.21,Min. order: 30 pieces,LE CHARME VIETNAM COMPANY LIMITED,https://sc04.alicdn.com/kf/H27814d4947154515b501ca57a30882eck.jpg,Nose Hair Trimmer Usb Charging Electric Portable Men Mini Nose Hair Trimmer Face Care Kit Tools - Buy New Electric Nose Hair Trimmer And Trimmer For Trimming Nose Hair Product on Alibaba.com,"Premium Nose Hair Trimmer USB Charging Electric Portable Men Mini Nose Hair Trimmer Face Care Kit Tools - High-quality product designed for optimal performance and user satisfaction.
Key Features: Electric Powered, Portable, Mini Size, USB Powered, AI Technology
Power Source: Electric-powered operation for consistent performance and professional results.
Portability: Compact and lightweight design for easy transport and storage.
Competitive Pricing: $0.93-1.21
Order Requirements: Min. order: 30 pieces
Trusted Supplier: LE CHARME VIETNAM COMPANY LIMITED - Reliable manufacturer with proven track record.
Quality Assurance: Built with premium materials and backed by comprehensive warranty coverage.
Customer Support: Dedicated support team available for technical assistance and product guidance.",,Home & Garden Smart Home Improvement Smart Houseware Smart Home Products Nose Hair Trimmer USB Charging Electric Portable Men Mini Nose Hair Trimmer Face Care Kit Tools No reviews yet LE CHARME VIETNAM COMPANY LIMITED 1 yr VN Previous slide Next slide Previous slide Next slide Key attributes Style 1 Application 1 Feature 1 Material 1 place of origin China Product name Smart Home Products Usage Home+Hotel+Office Packaging and delivery Selling Units Single item Single package size 11X11X11 cm Single gross weight 1.000 KG Lead time Quantity (pieces) 1 - 500 > 500 Lead time (days) 10 To be negotiated Product descriptions from the supplier
Portable Mini Electric Nose Electric Toothbrush Hair Trimmer Kit USB Charging Home Face Hair Cleaning Care Smart Home Product,https://www.alibaba.com/product-detail/Portable-Mini-Electric-Nose-Electric-Toothbrush_1601488709675.html?selectedCarrierCode=SEMI_MANAGED_STANDARD%40%40STANDARD&priceId=cc6c4b05b10843d1be767ce2ba696b02,$6.24,Min. order: 10 pieces,"Shenzhen Tian Cheng You Pin Trading Co., Ltd.",https://sc04.alicdn.com/kf/H3756d23fd4604ed187cb922daf255b30d.jpg,"Portable Mini Electric Nose Electric Toothbrush Hair Trimmer Kit Usb Charging Home Face Hair Cleaning Care Smart Home Product - Buy Nose Hair Trimmer
nose Hair Trimmer For Men
ear And Nose Hair Trimmer
electric Nose Hair Trimmer
nose Hair Trimmer For Men
fathers Day Gifts
fathers Day Gifts For Dad
bikini Trimmer For Women
beard Trimmer For Men
razors For Men
gifts For Men
manscape
electric Razor For Men
hair Clippers For Men
nose Hair Trimmer For Women
birthday Gifts For Men
father's Day Gifts Product on Alibaba.com","Premium Portable Mini Electric Nose Electric Toothbrush Hair Trimmer Kit USB Charging Home Face Hair Cleaning Care Smart Home Product - High-quality product designed for optimal performance and user satisfaction.
Key Features: Smart Device, Electric Powered, Home Use, Portable, Mini Size, USB Powered, AI Technology
Smart Technology: WiFi/Bluetooth enabled for seamless connectivity and remote control capabilities.
Power Source: Electric-powered operation for consistent performance and professional results.
Portability: Compact and lightweight design for easy transport and storage.
Perfect for home use while maintaining professional quality standards.
Competitive Pricing: $6.24
Order Requirements: Min. order: 10 pieces
Trusted Supplier: Shenzhen Tian Cheng You Pin Trading Co., Ltd. - Reliable manufacturer with proven track record.
Quality Assurance: Built with premium materials and backed by comprehensive warranty coverage.
Customer Support: Dedicated support team available for technical assistance and product guidance.",,"Home Appliances Personal Care & Beauty Appliances Hair Removal Appliances Nose & Ear Trimmer Portable Mini Electric Nose Electric Toothbrush Hair Trimmer Kit USB Charging Home Face Hair Cleaning Care Smart Home Product No reviews yet Shenzhen Tian Cheng You Pin Trading Co., Ltd. 1 yr CN Previous slide Next slide Previous slide Next slide Key attributes app-controlled NO warranty 1 Year material plastic Feature Portable operating language English Power Source usb after-sales service provided Free spare parts application Household Battery Type Lithium Battery private mold NO place of origin Guangdong, China brand name OEM model number 25062020 MOQ 100pcs Material ABS Size 13.2X2.25X2.25cm Packing Neutral English Color box Battery 230mah Packaging and delivery Selling Units Single item Single package size 30X25X25 cm Single gross weight 0.960 KG Show more Lead time Quantity (pieces) 1 - 500 501 - 1000 > 1000 Lead time (days) 30 30 To be negotiated Product descriptions from the supplier FREE shipping capped at $20 on your first order Minimum order quantity:  10 pieces $6.24 Sample price: $7.24 Get sample Variations Select now Shipping Start order Add to cart Chat now Protections for this product Delivery via Secure payments Standard refund policy Alibaba.com protects all your orders placed and paid on the platform with"
Face Steamer Humidifier USB Rechargeable Nano Mist Sprayer Facial Nebulizer Steamer Moisturizing Beauty Device Face Skin Care,https://www.alibaba.com/product-detail/Face-Steamer-Humidifier-USB-Rechargeable-Nano_1601211931047.html?priceId=cc6c4b05b10843d1be767ce2ba696b02,$0.47-0.60,Min. order: 50 pieces,"Zhumadian Economic Development Zone Qianyuan Trading Co., Ltd.",https://sc04.alicdn.com/kf/Hd239080665474a8cb0ae7030c1bdf2d0E.jpg,Product Not Available,"Professional Face Steamer Humidifier USB Rechargeable Nano Mist Sprayer Facial Nebulizer Steamer Moisturizing Beauty Device Face Skin Care - High-quality beauty and personal care equipment designed for both home and professional use. Delivers salon-quality results with advanced technology.
Key Features: Beauty Equipment, USB Powered, Rechargeable
Competitive Pricing: $0.47-0.60
Order Requirements: Min. order: 50 pieces
Trusted Supplier: Zhumadian Economic Development Zone Qianyuan Trading Co., Ltd. - Reliable manufacturer with proven track record.
Quality Assurance: Built with premium materials and backed by comprehensive warranty coverage.
Customer Support: Dedicated support team available for technical assistance and product guidance.",,
Bebird H30S Endoscope Camera Portable Digital Analysis AI Ear Health Assistant Ear Cleaner Care Equipment,https://www.alibaba.com/product-detail/Bebird-H30S-Endoscope-Camera-Portable-Digital_1601215922828.html?priceId=cc6c4b05b10843d1be767ce2ba696b02,$70.40,Min. order: 1 piece,"Heifeng Zhizao (shenzhen) Technology Co., Ltd.",https://sc04.alicdn.com/kf/H9a5cb571b4cb4cb69f418e47d249b227I.jpg,"Bebird H30s Endoscope Camera Portable Digital Analysis Ai Ear Health Assistant Ear Cleaner Care Equipment - Buy Ear Cleaner
ear Cleaner With Camera
earwax Remover
ear Cleaning
otoscope For The Ear
ear Wax Removal With Camera
camera Ear Wax Remover
ear Wax Cleaner
ear Wax Removal
digital Ear Cleaner
camera Ear Cleaner
ear Camera Clean
ear Camera Wax Removal
ear Cleaner Camera
ear Cleaner Kit
ear Cleaning Kit Product on Alibaba.com","Professional Bebird H30S Endoscope Camera Portable Digital Analysis AI Ear Health Assistant Ear Cleaner Care Equipment - Advanced ear care solution featuring high-resolution 300W visual technology. This handheld device provides crystal-clear imaging for safe and effective ear cleaning, making it perfect for family use and healthcare professionals.
Key Features: Endoscope, Portable, Ear Care, Health Care, AI Technology, Camera Enabled
Portability: Compact and lightweight design for easy transport and storage.
Designed for health and wellness applications with safety and hygiene in mind.
Competitive Pricing: $70.40
Order Requirements: Min. order: 1 piece
Trusted Supplier: Heifeng Zhizao (shenzhen) Technology Co., Ltd. - Reliable manufacturer with proven track record.
Quality Assurance: Built with premium materials and backed by comprehensive warranty coverage.
Customer Support: Dedicated support team available for technical assistance and product guidance.",,"Key attributes place of origin Guangdong, China brand name bebird Product name Smart Home Products APP Bebird Control method APPControl Model Number H30S Material ABS Certificate CE FCC ROHS Usage Household Appliances Working time 80 min Feature Endoscopic camera Function AI Ear Canal Evaluation Packaging and delivery Selling Units Single item Single package size 21X19X7 cm Single gross weight 1.000 KG"
For Bebird H30S AI Ear Evaluation Remote Assist Hearing Endoscope Application-Controlled Hearing Care Equipment for Ear Wax,https://www.alibaba.com/product-detail/For-Bebird-H30S-AI-Ear-Evaluation_1601205330031.html?priceId=cc6c4b05b10843d1be767ce2ba696b02,$88,Min. order: 1 piece,"Heifeng Zhizao (shenzhen) Technology Co., Ltd.",https://sc04.alicdn.com/kf/Hce468afd7c3047549ec8390b6b8fe07eH.jpg,"For Bebird H30s Ai Ear Evaluation Remote Assist Hearing Endoscope Application-controlled Hearing Care Equipment For Ear Wax - Buy Creative Electronic Home Products
ear Cleaner
earwax Remover
smart Home Ear Evaluation
bebird Remote Assist Hearing
ai Controlled Earwax Remover
multi-function Visual Ear Cleaner
handheld Cleaning Telemedicine Device Product on Alibaba.com","Professional For Bebird H30S AI Ear Evaluation Remote Assist Hearing Endoscope Application-Controlled Hearing Care Equipment for Ear Wax - Advanced ear care solution featuring high-resolution 300W visual technology. This handheld device provides crystal-clear imaging for safe and effective ear cleaning, making it perfect for family use and healthcare professionals.
Key Features: Endoscope, Ear Care, AI Technology
Competitive Pricing: $88
Order Requirements: Min. order: 1 piece
Trusted Supplier: Heifeng Zhizao (shenzhen) Technology Co., Ltd. - Reliable manufacturer with proven track record.
Quality Assurance: Built with premium materials and backed by comprehensive warranty coverage.
Customer Support: Dedicated support team available for technical assistance and product guidance.",,Key attributes type Handheld feature Cleaning target area Ear place of origin China Product name Smart Home Products APP Bebird Function 1 Multiple Earwax Removal Function 2 Visual Ear Cleaner Function 3 AI Ear Canal Evaluation Function 4 Telemedicine Function 5 Liquid Delivery Attachment Color White Network Wi-Fi Warranty 12 Months Packaging and delivery Selling Units Single item Single package size 21X19X7 cm Single gross weight 1.000 KG Show more
Intelligent Medical Alarm System with One-Click Help | Elderly Fall Monitoring & Calling System for Home Care Products,https://www.alibaba.com/product-detail/Intelligent-Medical-Alarm-System-with-One_1601011453672.html?priceId=cc6c4b05b10843d1be767ce2ba696b02,$140-150,Min. order: 1 bag,"Changsha Joy Technology Co., Ltd.",https://sc04.alicdn.com/kf/A0f486deb5bb643b4a3859040474dbadeL.png,"Intelligent Medical Alarm System With One-click Help | Elderly Fall Monitoring & Calling System For Home Care Products - Buy Elderly Care Products
medical Alarm System
elderly Fall Monitoring Device
smart Home Medical Alarm
intelligent Fall Detection System
4g/lte Elderly Care Product
customizable Language Support
433/868/915mhz Wireless Kit Product on Alibaba.com","Premium Intelligent Medical Alarm System with One-Click Help | Elderly Fall Monitoring & Calling System for Home Care Products - High-quality product designed for optimal performance and user satisfaction.
Key Features: Home Use, Elderly Care
Perfect for home use while maintaining professional quality standards.
Competitive Pricing: $140-150
Order Requirements: Min. order: 1 bag
Trusted Supplier: Changsha Joy Technology Co., Ltd. - Reliable manufacturer with proven track record.
Quality Assurance: Built with premium materials and backed by comprehensive warranty coverage.
Customer Support: Dedicated support team available for technical assistance and product guidance.",,"Consumer Electronics Smart Electronics Smart Home Smart Home Kits & Systems Intelligent Medical Alarm System with One-Click Help | Elderly Fall Monitoring & Calling System for Home Care Products No reviews yet Changsha Joy Technology Co., Ltd. 2 yrs CN Previous slide Next slide Previous slide Next slide Key attributes Product Type Security Kits place of origin China Key feature Emergency alarm,, One-Click Help Connection Mode 4G, LTE, support 3G, 2G Language Support Customized languages Wireless Brand ISM 433/868/915MHz Warranty 2 years Certificates CE,CCC,RoHS Mounting Mode Desk Mounting, Wall Mounting Product name Intelligent Medical Alarm System Network 4G Packaging and delivery Selling Units Single item Single package size 44.5X40X51 cm Single gross weight 25.000 KG Lead time Quantity (bags) 1 - 1 2 - 500 > 500 Lead time (days) 3 25 To be negotiated Customization options Graphic customization (Min. order: 1,000 bags) Customized logo (Min. order: 1,000 bags) Customized packaging (Min. order: 1,000 bags) View details Chat now Product descriptions from the supplier"
A-Smart Visual Ear Spoon 6 LED Lights Baby Wireless Wax Remover HD Endoscope Ear Cleaner USB Camera ABS PC Material OEM Service,https://www.alibaba.com/product-detail/A-Smart-Visual-Ear-Spoon-6_1600823857604.html?selectedCarrierCode=SEMI_MANAGED_STANDARD%40%40STANDARD&priceId=cc6c4b05b10843d1be767ce2ba696b02,$5,Min. order: 1 piece,"Wudaopu (Shenzhen) Technology Co., Ltd.",https://sc04.alicdn.com/kf/Ha5a7476e5db343c1adfa28df673516d5R.jpg,Product Not Available,"Professional A-Smart Visual Ear Spoon 6 LED Lights Baby Wireless Wax Remover HD Endoscope Ear Cleaner USB Camera ABS PC Material OEM Service - Advanced ear care solution featuring high-resolution 300W visual technology. This handheld device provides crystal-clear imaging for safe and effective ear cleaning, making it perfect for family use and healthcare professionals.
Key Features: Endoscope, Smart Device, Ear Care, USB Powered, Visual Display, Camera Enabled
Smart Technology: WiFi/Bluetooth enabled for seamless connectivity and remote control capabilities.
Competitive Pricing: $5
Order Requirements: Min. order: 1 piece
Trusted Supplier: Wudaopu (Shenzhen) Technology Co., Ltd. - Reliable manufacturer with proven track record.
Quality Assurance: Built with premium materials and backed by comprehensive warranty coverage.
Customer Support: Dedicated support team available for technical assistance and product guidance.",,
